time,torque,velocity
0.0010073184967041016,-0.03798944889093928,0.00031264685496470936
0.006700992584228516,-0.0396800746101381,0.0011982127238053236
0.016965866088867188,-0.03906822911360283,0.0008600875739944051
0.017980575561523438,-0.039003824324624084,0.0011982127238202192
0.025115489959716797,-0.03887501474604269,0.0006185696095722939
0.026118993759155273,-0.03939025305924307,0.000554164818970351
0.035565853118896484,-0.03988939017223765,-0.0012974729100751216
0.03757166862487793,-0.040501235668590506,0.000699075597636032
0.04565310478210449,-0.03943855665108001,0.0005863672118076224
0.04666638374328613,-0.03926144348119531,0.000586367212864345
0.05475616455078125,-0.03992159256849791,-0.0013779788987260454
0.056780338287353516,-0.03879450875950828,0.0015524390705718677
0.06778883934020996,-0.03929364587543723,0.0017617546395573222
0.07123494148254395,-0.03919703869156792,0.0015202366755568413
0.07943868637084961,-0.04006650334435484,0.0005863672135228498
0.0814511775970459,-0.03906822911335768,-0.0010881573393895067
0.0885014533996582,-0.03929364587578356,6.724098243384748e-06
0.09154009819030762,-0.03935805066472886,0.0006346708059832005
0.10122489929199219,-0.0400181997523249,-0.000605121410496799
0.10628223419189453,-0.0396478722130035,3.8926494671508596e-05
0.11801838874816895,-0.03808605607424205,-0.001973723217495575
0.12105131149291992,-0.03932584826837296,0.00031264685515708943
0.12913131713867188,-0.039824985385767585,0.0008761887713850331
0.13113760948181152,-0.0397927829900369,-0.0017161040521609713
0.13825249671936035,-0.039792782988543975,8.723008649289544e-05
0.14127826690673828,-0.039728378202219874,0.0009405935615615603
0.15125465393066406,-0.03901992552166928,0.0012304151140000651
0.1566758155822754,-0.0391648362967245,0.0002965456569577831
0.16803336143493652,-0.03916483629740865,-0.001329675305160607
0.17105937004089355,-0.03914873510024527,0.0016490462561353527
0.17812132835388184,-0.039937693766054536,0.0017295522439532412
0.18114566802978516,-0.03908433030765429,0.0005219624213997504
0.1882336139678955,-0.04003430094970581,0.0006024684099529082
0.19126415252685547,-0.03937415186215391,0.0006346708071002487
0.20128297805786133,-0.03979278299122336,0.00042535523538686124
0.20701098442077637,-0.04038852728842171,0.00039315284304701145
0.2179121971130371,-0.03974447939926301,-0.0007983357844491508
0.22192716598510742,-0.039374151861977756,0.0016329450575776438
0.22905445098876953,-0.03916483629750221,0.0024219037383759905
0.23106098175048828,-0.03908433030826249,0.0004897600275240085
0.23809576034545898,-0.03951906263709444,0.0007634803866817394
0.2413945198059082,-0.039374151861859406,-0.0006695262011490449
0.2515077590942383,-0.040114806935063876,0.000843986373516429
0.2566518783569336,-0.03988939017463712,0.0013914270938267263
0.268047571182251,-0.04016311052797713,-0.001265270513567863
0.2710714340209961,-0.039502961439928076,0.0006668732025978937
0.27937984466552734,-0.03945465784744372,-0.0006051214116719193
0.28139281272888184,-0.039535163834484646,-0.0016516992564802157
0.2884800434112549,-0.03979278299063496,0.002196486973926768
0.29152822494506836,-0.04074275362861203,0.0008761887714254313
0.29998326301574707,-0.03910043150842747,-0.000911044166321439
0.3020007610321045,-0.04008260454166397,0.0012465163162968308
0.31009840965270996,-0.03964787221556133,-0.0023440507591695786
0.31110167503356934,-0.039841086582838206,-0.0010559549450822106
0.31916356086730957,-0.03895552073199636,0.0007312779913669019
0.32117700576782227,-0.04022751531667392,-0.0001220854815619918
0.3294684886932373,-0.03972837820025357,-0.0016355980606203983
0.33147716522216797,-0.03985718777987336,-0.0003958058425580271
0.33956265449523926,-0.03998599735794779,0.0011177067354700837
0.3415720462799072,-0.03890721714071337,0.0008117839812311078
0.3490288257598877,-0.040098705738852845,-0.0011686633288184505
0.3510396480560303,-0.039889390174639355,-0.0007983357840279212
0.3591163158416748,-0.03993769376672598,-0.002038128003655974
0.3611311912536621,-0.03953516383466034,-0.0012008657241399587
0.36923670768737793,-0.0399698961606544,0.0012465163165594174
0.3712425231933594,-0.040388527289712366,0.0014397306880648557
0.37944936752319336,-0.038842812349682655,-0.0024728603399724095
0.38146066665649414,-0.038021651287888356,-0.0017483064419792763
0.3895416259765625,-0.03992159256839897,0.001182111526357896
0.39154982566833496,-0.03934194946371061,0.0014397306879355397
0.39983296394348145,-0.039615669819499905,-0.0015228896755723757
0.4018421173095703,-0.03926144348090841,0.0008278851769611165
0.41009020805358887,-0.03940635425639199,-0.0011364609318454063
0.41109275817871094,-0.039728378202228264,-0.0020542291983404342
0.41924309730529785,-0.03990549137197595,0.0006024684121028687
0.4212489128112793,-0.03885891354921274,0.00129481990937291
0.4294157028198242,-0.04005040214729512,-0.0010398537472393265
0.4314420223236084,-0.03968007460970202,-0.001925419615736578
0.43952012062072754,-0.03971227700463613,0.0008278851786516561
0.4415287971496582,-0.0403080213022918,0.00045755763329564226
0.44986438751220703,-0.04042072968372242,-0.001184764525349356
0.4518730640411377,-0.03979278299074627,0.0004897600275803226
0.4600949287414551,-0.039358050664575595,-0.0012491693174772165
0.4611039161682129,-0.03879450875940841,-0.0009271453628174199
0.4692046642303467,-0.03926144348088749,0.0005702660137292201
0.4712226390838623,-0.03995379496304448,0.0004575576303270109
0.47940778732299805,-0.03934194946668916,-0.0007339309925870301
0.4814178943634033,-0.039728378201328615,-0.0019576220123417643
0.48950839042663574,-0.04005040214626229,0.00023214086429827182
0.4915335178375244,-0.04009870573905312,-0.0015550920714516375
0.4996058940887451,-0.040807158418249445,-0.0013296753047460014
0.5016157627105713,-0.04013090813090896,-0.001136460933901282
0.5097067356109619,-0.0396156698210423,-0.0020381280036888215
0.5117161273956299,-0.039583467426292276,-0.002134735185769445
0.5187654495239258,-0.03866569918085923,0.0009888971504244833
0.5218179225921631,-0.03903602671912438,0.0003448492471014295
0.5299086570739746,-0.03927754467703462,-0.0011364609323776267
0.5319170951843262,-0.03984108658234399,-0.0006695262013358246
0.5400774478912354,-0.03959956862307955,-0.0023601519548036793
0.5410819053649902,-0.04009870573901386,-0.0016678004543116472
0.5491724014282227,-0.03996989616110282,-0.0012008657233366856
0.5511963367462158,-0.03993769376635528,-0.0009432465603693062
0.5592813491821289,-0.03890721713827967,-0.0011203597348762825
0.561302900314331,-0.03977668179378772,-0.001458484885200943
0.5693776607513428,-0.03858519318983479,0.0014397306865965233
0.5713956356048584,-0.03930974707263403,0.00021603966368708387
0.5794773101806641,-0.03918093749340217,-0.000878841771925725
0.5814981460571289,-0.03819876445793512,-0.0012169669205298883
0.5895686149597168,-0.039486860243079194,-0.0016516992601666898
0.5915787220001221,-0.03963177101809936,-0.0013135741068874642
0.5996170043945312,-0.03988939017471905,-8.988308871509718e-05
0.6016285419464111,-0.03871400277097142,-0.002054229197698077
0.6097028255462646,-0.04006650334383222,-0.0013779788973811698
0.6117124557495117,-0.039454657848595344,-0.0015550920711776216
0.6197812557220459,-0.03977668179406793,0.000666873202045154
0.6217889785766602,-0.03910043150811678,0.0007312779919002365
0.6299033164978027,-0.03901992552159975,-0.0012169669212138165
0.6319239139556885,-0.04019531292250393,-0.0007017285972381276
0.6400561332702637,-0.03943855665110212,-0.0003958058417907554
0.6410806179046631,-0.03850468720827302,-0.0017805088378611057
0.6501879692077637,-0.03982498538484755,-0.00012208548454054448
0.6522042751312256,-0.04027581890855923,-0.001780508840080621
0.6612980365753174,-0.03969617580756589,-0.00012208548269676921
0.6663362979888916,-0.04027581890906303,-0.0010237525493129224
0.6754240989685059,-0.03918093749245745,0.0016007426625612574
0.6764397621154785,-0.04009870573902239,0.00011943248242145422
0.6855566501617432,-0.03969617580598152,0.0012787187102340247
0.687575101852417,-0.0376030201557108,0.000312646855132827
0.6966829299926758,-0.03958346742633833,0.0014719330779925932
0.7017014026641846,-0.039277544677817064,-0.000508514231797256
0.7098102569580078,-0.03927754467854029,-0.0009110441653313924
0.711820125579834,-0.03892331833554769,-0.0010398537478683242
0.7198724746704102,-0.03959956862372209,0.0009244923643394901
0.7218801975250244,-0.03863349678690206,0.002067677393873507
0.7299404144287109,-0.0378284369161067,-0.0007661333915257378
0.7319505214691162,-0.03992159256488237,-0.0006212226099771734
0.7400472164154053,-0.03916483629712347,0.0020032726014939696
0.7420704364776611,-0.040565640459964476,0.00023214086662688937
0.7501516342163086,-0.03910043150765908,-0.0006212226116368332
0.7511599063873291,-0.03940635425667594,0.00015163487349623226
0.7602410316467285,-0.04030802130187083,-0.0026016699223866454
0.761253833770752,-0.039100431506731516,-0.0008305381783161675
0.7703602313995361,-0.04054953926245511,0.00152023667481648
0.771367073059082,-0.04011480693635544,-2.5478296852952422e-05
0.7805283069610596,-0.03900382432297901,-0.0016839016571010793
0.7815456390380859,-0.040179211725251865,-0.0018932172222691334
0.7916479110717773,-0.04046903327413817,-0.00010598428702468824
0.7967100143432617,-0.03922924108533809,0.0006507719993888254
0.8058080673217773,-0.04048513447340903,0.00021603966765024432
0.8068234920501709,-0.04085546200875452,0.0009566947598701201
0.8183648586273193,-0.039406354255823076,0.0014558318849686135
0.8213725090026855,-0.038552990796641824,0.001053301945341751
0.8324363231658936,-0.041257991941122174,0.0013270223020731566
0.8369495868682861,-0.039019925519215556,0.0013914270938433385
0.8462619781494141,-0.03995379496038062,-0.0008949429680249647
0.8512892723083496,-0.040581741657286716,0.0014719330834093438
0.8607580661773682,-0.03996989616038055,-0.0010237525504020694
0.861769437789917,-0.03966397341171746,-0.0002669962632758515
0.8708412647247314,-0.0406622476435088,0.0012626175140841482
0.8718540668487549,-0.03969617580333179,0.0007151767952708656
0.8809604644775391,-0.039293645873748936,-0.0006695262031261946
0.8819746971130371,-0.040887664404995826,-0.0020542291977964124
0.8910915851593018,-0.041161384758455835,-0.0004763118303449984
0.8961119651794434,-0.03972837820060183,0.0005219624214328783
0.9043097496032715,-0.03980888418791408,0.0002804444594444209
0.9063341617584229,-0.04009870573902048,0.00097279595683746
0.9143970012664795,-0.04042072968460382,-0.0017322052442458459
0.9164154529571533,-0.040613944051699886,-0.002360151957369023
0.9245338439941406,-0.040082604542170504,-0.0019576220154577132
0.9265468120574951,-0.03976058059618959,-0.0011364609324012532
0.9347460269927979,-0.0394707590447831,0.0006668732009596377
0.9367661476135254,-0.04064614644629592,0.0013753258974605132
0.9458463191986084,-0.039599568622913514,0.0003448492437216076
0.9468624591827393,-0.039889390174770605,-8.988309055574023e-05
0.9559817314147949,-0.04017921172469949,0.0020354749973881974
0.9569880962371826,-0.039454657848235083,0.00036095044714696373
0.9661037921905518,-0.04001819975310414,-0.000685627399565373
0.9671115875244141,-0.04104867637723456,-0.0015228896750545044
0.9762458801269531,-0.04054953926184386,-0.0007983357863494591
0.9772510528564453,-0.04059784285331722,-0.00012208548705575382
0.9863567352294922,-0.04088766440483195,0.0009888971544870493
0.9873628616333008,-0.040291920106506986,0.0003448492429882455
0.9964759349822998,-0.0389394195296449,-0.0007339309938090516
0.9974832534790039,-0.038601294391029696,-0.0007822345844141706
1.0056300163269043,-0.039712277004316836,0.0018422606270980112
1.00665283203125,-0.03934194946696245,0.0008922899688070449
1.0149822235107422,-0.04019531292192595,-0.0007500321918748614
1.0170154571533203,-0.04040462848706518,-0.0024567591474772923
1.0251140594482422,-0.04045293207815968,-0.0013779788972379777
1.026127576828003,-0.0390521279160723,-0.0018610148269721128
1.034189224243164,-0.03990549137214852,0.00019993846951838734
1.0362074375152588,-0.03972837820202575,0.0003448492495585217
1.0453016757965088,-0.039905491371832524,-0.00021869266805232536
1.046323537826538,-0.041016473981845644,-0.0013135741062570941
1.0565178394317627,-0.040597842854102915,0.0007312779928247082
1.0615410804748535,-0.039841086583021976,0.0008278851785839226
1.0716173648834229,-0.04009870573927678,0.0006024684124234377
1.0726373195648193,-0.04003430095010039,0.0002643432616503006
1.081697940826416,-0.04027581890902237,-0.0008949429683683477
1.0860989093780518,-0.040211414120268275,0.0005058612260047753
1.0944006443023682,-0.04019531292225504,-0.0014423836872850125
1.096602201461792,-0.03979278299028531,-0.000717829793487023
1.104710340499878,-0.04022751531733356,0.00021603966828994477
1.1067190170288086,-0.040613944050205866,0.0015041354778172994
1.115077018737793,-0.039921592568755174,-0.003133009441337165
1.1171011924743652,-0.04030802130010018,-0.001200865725006346
1.1251816749572754,-0.03953516383251967,-0.0009432465610004139
1.1262032985687256,-0.038987723125305594,-0.0009110441686808468
1.1343157291412354,-0.03884281235100948,-0.0004924130301246528
1.1363303661346436,-0.04069445003634325,0.0003287480527424285
1.1444203853607178,-0.04009870573932347,-0.00018649027216099465
1.146437168121338,-0.04029192010570972,-0.0007983357819699034
1.1545073986053467,-0.04016311052515047,0.0016329450554938812
1.1565182209014893,-0.03797334768844861,0.0008600875740375168
1.165041446685791,-0.040179211725399934,-0.002086431595117038
1.1670465469360352,-0.039712277004872135,-0.0009271453629894446
1.1751072406768799,-0.04034022369829168,-0.001877116029662081
1.1771209239959717,-0.039374151860609004,-0.001619496860810823
1.1873996257781982,-0.03893941953419768,0.001439730686267258
1.191026210784912,-0.03947075904382151,0.0009888971550443518
1.1991066932678223,-0.03963177101842548,-0.0007500321897494273
1.2011229991912842,-0.040259717710565045,-0.0014584848850416787
1.2092030048370361,-0.039647872215397076,-0.0022474435720198555
1.2112681865692139,-0.03884281234656606,-0.0010881573392689668
1.2193577289581299,-0.040533438064536215,0.0009566947559009643
1.2213730812072754,-0.04040462848708976,0.0011177067354281403
1.229447603225708,-0.03940635425660473,-0.0001220854852672999
1.2314660549163818,-0.04017921172503809,-0.0011203597372747307
1.2395546436309814,-0.040662247643503735,0.0024702073297235183
1.2415809631347656,-0.038971621929478006,-0.0008949429786670691
1.249664068222046,-0.040324122500916396,-0.00031529985576623837
1.251673936843872,-0.039969896160848575,-0.001651699258037966
1.2600481510162354,-0.039760580594899946,-0.0014906872810112486
1.2610514163970947,-0.039229241085473036,-0.0018127112346927343
1.270106554031372,-0.040436830881639005,0.0016329450587240879
1.2711093425750732,-0.039744479399320735,0.00045755763253268187
1.2802393436431885,-0.039841086583205745,-0.00049241302851585
1.2812485694885254,-0.03800555008982201,-0.002070330397186603
1.289334774017334,-0.039519062637667426,0.0005702660156395465
1.291348934173584,-0.040452932077539284,0.0013109211072024338
1.2995591163635254,-0.03940635425668433,-0.0008949429686398293
1.3015689849853516,-0.039841086582266906,-0.002891491482645093
1.3090732097625732,-0.04032412250061189,-0.00076613338867229
1.311089038848877,-0.0394224554532421,-0.0016355980626352642
1.3191664218902588,-0.0398249853859762,0.001310921102755789
1.3211796283721924,-0.04003430094992343,0.00013553367895810793
1.3293657302856445,-0.04014700932951577,-0.0008788417708924474
1.3313746452331543,-0.040340223697638136,-0.00026699626004823563
1.339496374130249,-0.03939025305933104,0.0005058612264109686
1.3415045738220215,-0.040597842853156936,0.0003287480521167381
1.3498263359069824,-0.04037242609215641,-0.0012169669213195759
1.3518364429473877,-0.03937415186124814,-0.001716104047644642
1.3598873615264893,-0.03898772312554659,-0.0013940800957590164
1.3618953227996826,-0.03887501474188535,-0.001925419616070043
1.3699593544006348,-0.03993769376652848,0.001053301945304621
1.372283935546875,-0.039889390174493874,0.0011660103269285531
1.381371021270752,-0.04029192010665728,-0.0015711932697394858
1.3860199451446533,-0.03974447939933974,0.00010333128309173113
1.3951032161712646,-0.0399376937641567,-0.00018649027332641173
1.396120548248291,-0.03950296144021801,-0.0002669962616013036
1.4042034149169922,-0.04009870573910452,0.001278718711522743
1.4062228202819824,-0.039180937494745494,0.0008922899683746014
1.4142963886260986,-0.04042072968428904,-0.0007661333872915805
1.4166243076324463,-0.039969896156784514,-0.0011364609320431954
1.4246652126312256,-0.039824985384535425,-0.0019576220160069076
1.4267501831054688,-0.03992159256905807,-0.0012330681182504708
1.434805154800415,-0.039776681793817895,-0.0010398537466333709
1.436819076538086,-0.0397283782018243,-0.00036360344661739313
1.4459469318389893,-0.03903602671716652,-0.0005407166218860955
1.4469552040100098,-0.039019925519916704,-0.0011525621292719215
1.4550015926361084,-0.03947075904572321,0.00123041511893859
1.4560108184814453,-0.039744479399128146,0.0013431235025209154
1.4653313159942627,-0.03984108658029825,-0.0014745860832517132
1.4673480987548828,-0.03939025305907603,-0.0018127112331788255
1.4754321575164795,-0.03806995487673701,-0.0015228896760028493
1.4774549007415771,-0.03903602671896785,-0.0014745860827757834
1.4855153560638428,-0.04046903327580822,-0.0011364609338309348
1.486567735671997,-0.03955126503175681,0.0014075282914616165
1.4956555366516113,-0.04000209855568256,-0.0004280082369351225
1.4966769218444824,-0.040291920106333756,-0.002311848368973743
1.5047664642333984,-0.04000209855565248,0.00168124865027281
1.5067811012268066,-0.04009870573889897,0.001262617513208264
1.514855146408081,-0.039599568623384526,-0.0020220268022517725
1.5168931484222412,-0.040340223697256664,-0.0006212226073243404
1.5249719619750977,-0.040308021303758275,-0.0015711932698488044
1.5269815921783447,-0.039293645875535965,-0.0013618776990535287
1.5350818634033203,-0.03951906263314342,-0.0007178297951368024
1.5370917320251465,-0.038697901574383645,0.0004897600283802194
1.5451555252075195,-0.03910043150824583,-0.0020381280031117775
1.5471687316894531,-0.03948686024265825,-0.0016355980631174607
1.555241584777832,-0.03835977643009271,0.0006185696089060372
1.5562472343444824,-0.03993769376682189,0.0006668732018600621
1.5654139518737793,-0.0402114141199886,-0.0010398537480818806
1.5674192905426025,-0.04046903327596419,-0.0011042585374118165
1.5754776000976562,-0.0402436165143739,-0.0019254196197993536
1.5764915943145752,-0.03893941953534296,-0.0028109854893817363
1.5855846405029297,-0.040742753625651364,6.7240988195517265e-06
1.5865960121154785,-0.03930974707264977,0.0012787187117287151
1.59572172164917,-0.03939025305941909,-0.0003636034495992932
1.5967276096343994,-0.0405656404603011,-0.0007178297936179153
1.6047871112823486,-0.04071055123459506,0.0010210995487047129
1.606795072555542,-0.03932584826959591,0.0011982127239555814
1.6148922443389893,-0.039486860242363274,-0.0026016699270316537
1.6169071197509766,-0.039358050663720084,-0.0022474435712502017
1.6250014305114746,-0.03969617580503226,-0.0005407166239351065
1.6260199546813965,-0.03930974707224165,-0.0013296753047280817
1.63515305519104,-0.0395995686234122,-0.0013779788984931156
1.636171579360962,-0.04074275362913109,-0.0024567591391220413
1.645273208618164,-0.04003430095032843,-0.0004119070406019748
1.6462838649749756,-0.03998599735828307,-0.0009593477579668148
1.6553757190704346,-0.03972837820156464,0.0009244923640291105
1.65643310546875,-0.04019531292237874,0.0015685402681457415
1.6665024757385254,-0.03901992552021925,0.00026434325765047073
1.6675117015838623,-0.03914873509886998,-0.0018127112512341486
1.6756114959716797,-0.03993769376648737,-0.0013135741086712034
1.6776304244995117,-0.03976058059631758,-0.0022313423715553966
1.6857333183288574,-0.0392775446783424,-0.0003797046447015244
1.686741828918457,-0.03951906263723821,0.0008278851781402507
1.6958262920379639,-0.03940635425500262,-0.0008788417709596806
1.6968398094177246,-0.03948686024167384,-0.0008627405761292088
1.7049682140350342,-0.039567366229226866,0.0015685402681005305
1.7069895267486572,-0.03943855665114599,0.000715176794919033
1.7155952453613281,-0.04011480693674245,-0.0010720561430744722
1.7176094055175781,-0.04029192010648732,-0.0009432465608263697
1.7256839275360107,-0.039953794963643416,-0.0016839016524188867
1.7267029285430908,-0.039486860242513924,-0.0007339309930248109
1.7358126640319824,-0.038794508757055514,-0.00028309746009556153
1.7368247509002686,-0.03911653270504885,0.0007473791896983951
1.745917797088623,-0.04019531292229129,-0.0002025914710316145
1.7469260692596436,-0.040050402146327414,-0.0010076513507592292
1.7560064792633057,-0.040098705739378585,0.000731277992631843
1.7570219039916992,-0.0402275153166798,0.0009244923645074198
1.7655057907104492,-0.03984108658288442,-0.0015389908740758651
1.7675108909606934,-0.040227515317029644,-0.0005246154232508276
1.7755813598632812,-0.03926144348103856,-0.0011686633271554337
1.7766053676605225,-0.0395029614401464,-0.0022152411745323787
1.7856690883636475,-0.03913263390157315,0.002438004937053001
1.786684274673462,-0.039873288976182295,0.0010372007478046453
1.7958261966705322,-0.040324122500739606,-0.0004924130285441754
1.7968416213989258,-0.04006650334431165,-0.00015428787853701697
1.8049263954162598,-0.039599568623575956,0.0012304151189858731
1.8069758415222168,-0.03966397341264434,0.0009566947588562048
1.8160114288330078,-0.03955126503186312,-0.0012491693157213558
1.8210225105285645,-0.03950296144025674,-0.0002991986563335886
1.829176902770996,-0.038955520731889,-2.547829696225698e-05
1.8311870098114014,-0.03930974707301037,-0.002537265129155053
1.8392925262451172,-0.04038852728988969,0.002019373800424536
1.8413066864013672,-0.04045293207884453,0.0016973498487172062
1.8493900299072266,-0.03935805066469054,-0.001861014826628074
1.8514127731323242,-0.03964787221520006,-0.0005407166309818918
1.8595101833343506,-0.03947075904511925,-0.00028309746015671227
1.8615198135375977,-0.038408080024537675,-0.00029919866047741297
1.8696627616882324,-0.04056564045771974,0.0009405935614532777
1.871668815612793,-0.03948686024235147,0.0018583618240273687
1.8797392845153809,-0.04038852728989031,0.0003448492435058791
1.8817474842071533,-0.038665699180205244,-0.0013296753034315485
1.8900485038757324,-0.04069445003538628,0.0010372007476314388
1.8910558223724365,-0.03913263390280107,0.0008600875730451199
1.9001355171203613,-0.039374151859847994,-0.0011203597368606012
1.9011449813842773,-0.03971227700442319,0.0006024684099139567
1.9085321426391602,-0.0396478722156302,-0.0013135741083080544
1.9115471839904785,-0.040227515316679195,-0.0016839016540827125
1.919640064239502,-0.039567366229168545,0.00042535523323686204
1.92164945602417,-0.03922924108471827,0.0010855043406919518
1.9297130107879639,-0.039052127916376175,7.112888768365767e-05
1.931739330291748,-0.039374151862186846,-0.0012813717108810852
1.9398431777954102,-0.039502961435232076,0.0007312779927304258
1.9418525695800781,-0.039197038692074054,0.001327022303737812
1.9502837657928467,-0.038585193193960685,-0.0001542878800407954
1.951294183731079,-0.03869790157648878,-0.00031529985489299077
1.9604010581970215,-0.04025971771156908,-0.0007017285964688131
1.961409330368042,-0.0401309081339693,-0.001957622011511831
1.9705300331115723,-0.03908433031088686,0.0007956827818430811
1.971545934677124,-0.03749031177440895,0.0011821115261585785
1.9796290397644043,-0.04069445003724088,0.00013553367684250635
1.9816474914550781,-0.03908433031018714,-0.0011686633271676063
1.989731788635254,-0.03897162192999742,0.001294819908714115
1.991755723953247,-0.03848858601131583,-0.00025089506847953514
1.9998397827148438,-0.03932584827015749,-0.0011525621312410857
2.00184965133667,-0.0396478722154518,-0.0011686633269569237
2.0100111961364746,-0.03935805066362056,-0.0020220268034924498
2.011014223098755,-0.03988939017430556,-0.00182881243085076
2.0191149711608887,-0.03893941953358554,0.0020515761958665273
2.0211522579193115,-0.03930974707005837,0.0007956827839016479
2.029330015182495,-0.03958346742620805,-0.0007822345851464947
2.031339406967163,-0.04003430095021881,-0.001474586082326059
2.0394139289855957,-0.040002098555134605,0.00042535523696886313
2.041428327560425,-0.03908433031036877,0.0011499091308867489
2.0495047569274902,-0.03871400277326588,-0.0013618776997187155
2.051520824432373,-0.04001819975193501,-0.00023479386557296501
2.0600297451019287,-0.03861739558911857,-0.0009915501548571632
2.061048746109009,-0.03884281234995267,-0.0024567591422451508
2.070143222808838,-0.040501235670845584,-0.0007178297964041052
2.0711615085601807,-0.04025971771063518,0.00026434326113302227
2.0803580284118652,-0.039084330306302685,0.00021603966613703546
2.0813796520233154,-0.03919703868914591,-0.000830538177199398
2.089592695236206,-0.03922924108615573,0.0007634803863962871
2.0916028022766113,-0.040002098555378326,0.0005219624242769939
2.100720167160034,-0.03910043150809992,-0.0013618777003038026
2.1017396450042725,-0.03955126503150404,-0.00044410943397447456
2.1098098754882812,-0.03976058059653354,-0.0006373238075603317
2.1118180751800537,-0.03942245545197738,-0.0021186339881283022
2.1199004650115967,-0.03900382431760682,0.0011177067334229706
2.1219098567962646,-0.04008260454140146,0.0009244923614862432
2.1301190853118896,-0.039374151862159305,-0.00046021063395337294
2.131122350692749,-0.03861739558849704,-0.00157119326903388
2.1402127742767334,-0.03927754467837544,-0.00047631183631861374
2.1412265300750732,-0.04035632489464484,3.892649541993019e-05
2.1503071784973145,-0.04040462848678383,-0.0018449136285961468
2.151310682296753,-0.03882671115234286,-0.00012208548393529458
2.1605424880981445,-0.038842812351573004,-0.0002991986564744501
2.1615471839904785,-0.03976058059591068,-0.0016355980587674246
2.1707489490509033,-0.039197038692043815,0.0005541648177623088
2.171764373779297,-0.03958346742659628,0.0008922899691421614
2.1798648834228516,-0.03966397341294456,0.0016490462487360404
2.181873083114624,-0.040130908132785255,-0.0015067884771967541
2.1903324127197266,-0.038714002771514947,0.0006668732025530989
2.191336154937744,-0.03911653270561828,0.0003287480525650873
2.200443983078003,-0.04051733686846154,-0.0012652705147440605
2.2014575004577637,-0.039937693766522675,-0.0020059256056356757
2.2097768783569336,-0.03974447939889098,-0.0004924130287218461
2.211785316467285,-0.039921592569279137,-0.0006212226084881011
2.2198493480682373,-0.03847248481113109,0.0008600875729008589
2.221919059753418,-0.03951906263685974,0.0013270223050263984
2.2299859523773193,-0.03959956862339033,-0.00041190703979992625
2.231994152069092,-0.03979278299034135,-0.0008305381782787849
2.2401010990142822,-0.038939419535255024,0.001987171398110011
2.2411093711853027,-0.03900382432414874,0.0012465163167950089
2.2502059936523438,-0.040163110528272164,-0.0014423836873850824
2.252258539199829,-0.03939025305919676,-0.0012169669220223882
2.2608766555786133,-0.03961566982133307,-0.0017322052476159973
2.2618887424468994,-0.03884281235182908,-0.0014423836868486604
2.2699759006500244,-0.04019531292287396,0.0005541648191750353
2.2719900608062744,-0.03861739558784664,0.0015685402677697146
2.280046224594116,-0.03971227700457898,2.282529576432728e-05
2.2820842266082764,-0.039985997358485854,-0.0018449136346699127
2.290159225463867,-0.04017921171993073,0.00105330194155352
2.291170597076416,-0.03985718778011174,0.0013431235016192037
2.300333261489868,-0.03939025305898668,-0.0010398537467191894
2.302356004714966,-0.039567366229314546,0.00029654565505681625
2.310410976409912,-0.03947075904554202,-0.0021830387818295082
2.3114192485809326,-0.03948686024257676,-0.0012330681195956874
2.3205223083496094,-0.039953794961534436,0.0011016055370186182
2.3215372562408447,-0.039841086582570115,0.0009405935617270948
2.3296239376068115,-0.04063004524815848,0.000489760025284416
2.3316757678985596,-0.04013090813275026,-0.0005407166214291228
2.339714288711548,-0.039197038691737525,0.0005219624194920823
2.341843366622925,-0.03984108658267567,0.0011660103289519003
2.350926637649536,-0.03993769376592356,-0.0012330681183398656
2.3519418239593506,-0.04022751531750315,0.0008117839798259819
2.3610424995422363,-0.03985718777800114,-0.0008949429695719406
2.3620481491088867,-0.03910043150762946,-0.0020864315936136493
2.371124505996704,-0.039261443479207764,0.0014236294880684743
2.3721396923065186,-0.039857187780141856,0.00040925404072644154
2.3802177906036377,-0.03958346742659938,-0.0005246154226210651
2.3822438716888428,-0.04048513447223094,-0.001957622011533273
2.3903214931488037,-0.040163110526141195,0.0010694031413891955
2.3914241790771484,-0.03966397341265335,0.0001516348781749712
2.4004855155944824,-0.03958346742611705,-0.0011203597348566426
2.402509927749634,-0.04003430095029266,-0.00031529985406417236
2.410700798034668,-0.03913263390233498,-0.0023601519622719475
2.4117133617401123,-0.039937693765123225,-0.0016839016523080247
2.4208006858825684,-0.039824985384720804,0.0007312779922693892
2.421811819076538,-0.03826316924646547,0.000956694759457412
2.4308998584747314,-0.04030802130204764,-0.00071782979632356
2.431912899017334,-0.03948686024288415,-0.0010720561424722166
2.4400134086608887,-0.03972837819742191,0.002679522897054438
2.442042827606201,-0.038230966853356745,0.0009566947599762091
2.4511730670928955,-0.0395029614393494,-0.0015550920708655022
2.452183485031128,-0.040452932077596086,-0.000943246566376431
2.4602324962615967,-0.03893941953567349,-0.0003152998558951764
2.462273359298706,-0.03961566982096164,-0.0013296753043237476
2.4704360961914062,-0.03903602671866829,0.0013753258957817877
2.4714393615722656,-0.0394224554535173,0.0012626175122475813
2.4807069301605225,-0.03852078840510325,-5.7680695811032114e-05
2.481720447540283,-0.038778407560825304,-0.0017322052454516873
2.4899251461029053,-0.03932584826992612,0.0005219624229131348
2.491936206817627,-0.04053343806542575,-0.0003636034483923574
2.500375270843506,-0.040002098550787256,-0.0014423836884488244
2.5023927688598633,-0.039374151861415456,-0.0007178297957157369
2.51046085357666,-0.03976058059540018,-0.0011042585387049913
2.511486530303955,-0.04032412250069674,-0.002810985490001169
2.5205605030059814,-0.04022751531665145,0.0009083911649581125
2.521570920944214,-0.03913263390014404,0.0012304151180077684
2.5307154655456543,-0.04011480693670667,-0.0004924130287901011
2.5317277908325195,-0.03951906263758216,-0.0009915501538096333
2.5408453941345215,-0.03937415186187301,0.0017134510404221079
2.541862964630127,-0.03919703869208781,0.0012787187115882166
2.550914764404297,-0.03988939017430855,-0.001377978896839461
2.55191969871521,-0.039631771018551684,0.001149909123750619
2.561044692993164,-0.03901992552106103,-0.0015389908738541167
2.5668718814849854,-0.03818266326213359,-0.00039580584115771927
2.574965476989746,-0.03906822911122306,0.0016812486497923922
2.5769920349121094,-0.039663973412249656,0.0012787187113242513
2.5850625038146973,-0.03968007460909463,-0.0010881573404266406
2.5860695838928223,-0.0396156698209677,-7.378188996119647e-05
2.5951430797576904,-0.03927754467792376,0.0003770516391407254
2.5961506366729736,-0.03858519319524387,-0.0012491693181741251
2.60422945022583,-0.03951906263734018,0.0007956827832776104
2.606239080429077,-0.03947075904561591,8.723008557166311e-05
2.6143155097961426,-0.040388527288918716,0.0004414564270130119
2.616814613342285,-0.03963177101795854,-0.001861014825411475
2.624847650527954,-0.039358050664896706,0.000908391166645574
2.627103567123413,-0.03884281235175496,-0.0016516992569889477
2.635190486907959,-0.03964787221566034,-0.002505062732948613
2.636197328567505,-0.0390521279160196,-0.0004602106453936661
2.645277976989746,-0.039309747072040276,-0.000556817819382061
2.646286964416504,-0.03863349678522477,-0.0009593477586227651
2.6553633213043213,-0.039776681793469285,0.0014880342793125397
2.6563730239868164,-0.0399215925690361,0.00021603966928599594
2.6655502319335938,-0.03948686024262047,-0.002038128001753645
2.6665573120117188,-0.04003430094836219,-0.0013940800960109672
2.674617052078247,-0.03947075904422388,0.0018583618250041123
2.676870822906494,-0.03968007461000624,-0.002118633988117969
2.684929609298706,-0.03987328897712298,-0.0014745860835188086
2.686947822570801,-0.03984108658277718,0.001504135478357171
2.6954023838043213,-0.03837587762426674,-0.001023752550338774
2.6964104175567627,-0.03908433031087944,-0.0011203597346320436
2.7044806480407715,-0.03914873510022342,0.0021964869726989575
2.706498384475708,-0.03971227700464123,0.00036095044676974367
2.7149834632873535,-0.0389233183381409,8.7230085613776e-05
2.717393398284912,-0.039213139885373983,-0.0012491693166125249
2.7254528999328613,-0.03926144348000117,0.0011982127220558862
2.726513624191284,-0.039293645875405896,-0.001828812432676081
2.735579490661621,-0.039776681792996,-0.0011203597363544442
2.736590623855591,-0.04048513447180662,0.0003609504478808945
2.7457058429718018,-0.038408080023921466,-0.0004924130287003545
2.746713638305664,-0.039792782990942896,-0.0010237525486938824
2.754777193069458,-0.03723269261654138,0.0012465163170187873
2.7567970752716064,-0.040436830879542016,0.001439730687627785
2.7649519443511963,-0.039422455453117844,-0.001410181293248983
2.7669708728790283,-0.038391978822810646,-0.0011364609316005829
2.7750511169433594,-0.04000209855533687,0.0007634803879798034
2.776060104370117,-0.04016311052724865,-0.00120086572242152
2.7851357460021973,-0.03951906263748063,-0.002440657943109448
2.7861433029174805,-0.03984108658287924,0.00011943248279334814
2.7952306270599365,-0.03853688960327194,0.0005058612212317135
2.7962379455566406,-0.04021141412001233,-0.0021508363859438035
2.8043622970581055,-0.03905212791088225,-0.00015428787805162866
2.8068652153015137,-0.03905212791270145,0.0009566947593697203
2.8149709701538086,-0.04000209855538381,-0.0012169669252428523
2.8172414302825928,-0.040114806934645586,-0.0012813717120074028
2.8253064155578613,-0.03837587762451531,0.0012143139197100966
2.8263187408447266,-0.03948686024243157,-0.0015389908733090976
2.835393190383911,-0.039229241085798096,-0.0012169669220400154
2.8364012241363525,-0.039229241086629306,-0.0005407166201659843
2.845484972000122,-0.040469033274317695,-0.00031529986007021503
2.8464925289154053,-0.039341949466890604,-0.00020259147079310034
2.8558685779571533,-0.039728378201743964,0.0020354749973746267
2.856881618499756,-0.03906822911225606,0.001971070206404503
2.8659374713897705,-0.04025971771012752,0.0018261594246852797
2.8669471740722656,-0.03792504410086755,-0.0018288124373850218
2.8753910064697266,-0.03852078840550427,0.0014880342789782312
2.877403974533081,-0.04011480693302594,-0.000878841772239498
2.8855323791503906,-0.03971227700137176,-0.0015228896764328738
2.8865396976470947,-0.039519062636623026,-0.0015711932684383545
2.8956222534179688,-0.04027581890851503,-0.001088157345960864
2.896629571914673,-0.04067834884015157,-0.001635598059730696
2.9046895503997803,-0.038907217136261885,0.0013753258969666138
2.906707763671875,-0.03935805066394431,0.0014719330828059846
2.914778232574463,-0.03988939017441826,0.000811783977108985
2.9170632362365723,-0.04120968834766141,-0.0020381279996353357
2.9251210689544678,-0.040356324894984606,-0.0019093184206780637
2.926129102706909,-0.03840808001979468,-0.0006534250045314045
2.9353058338165283,-0.04014700933094291,-0.000927145365400839
2.9363136291503906,-0.040420729684156595,-0.0014584848879928601
2.9454028606414795,-0.04053343806490656,-0.00036360344819424706
2.946411371231079,-0.03966397341299956,-0.0008627405729676839
2.955477237701416,-0.04051733686703038,0.0013753258971599003
2.956486463546753,-0.03988939017208508,0.0023897013454447715
2.9645533561706543,-0.04021141412003787,-0.00042800823718009264
2.966568946838379,-0.03977668179372516,-0.0014906872812080136
2.9747114181518555,-0.03924534228301383,0.0005380636209732297
2.976731300354004,-0.04054953926266569,-0.0022474435735677584
2.9852423667907715,-0.040855462010864624,-0.0005890202131570782
2.9862518310546875,-0.040404628487119384,-0.0018610148286715487
2.9953935146331787,-0.039293645875193794,-0.0012169669311093288
2.996401071548462,-0.04116138475691393,-0.0010559549446073607
3.0054972171783447,-0.04090376560124944,0.001890564216420107
3.0065064430236816,-0.040581741656159506,0.0018905642206504785
3.0155112743377686,-0.039696175807379934,0.0011499091259726338
3.016512632369995,-0.039052127915180264,-0.0007822345880416262
3.0245139598846436,-0.039841086582895195,0.002502409724503024
3.0269410610198975,-0.03980888418663629,-0.0010881573393781764
3.035001039505005,-0.040114806936028966,-0.001667800455797095
3.0360167026519775,-0.03979278299103091,-0.0022635447691295484
3.0450868606567383,-0.04014700933039943,-0.00042800823873122144
3.0471012592315674,-0.040388527290163886,-0.00015428787870614232
3.0552000999450684,-0.039583467426700894,0.0004414564356212842
3.057209014892578,-0.040195312921922764,-5.768069183164754e-05
3.0652859210968018,-0.039599568623413316,-0.0016355980634370818
3.067307710647583,-0.040179211724400074,-0.0014101812932554307
3.075354814529419,-0.03773182972713941,8.723008444911276e-05
3.0773651599884033,-0.03929364587436498,-0.0012974729099546093
3.085447072982788,-0.03929364587360842,-0.0012169669207186854
3.086453914642334,-0.039535163833314416,0.0019388678128232292
3.0955240726470947,-0.0386979015733802,0.0001999384673159936
3.097531318664551,-0.039277544677717394,-0.001329675304930614
3.1056227684020996,-0.03966397341270234,0.0016168438578550738
3.1066319942474365,-0.03995379496323951,0.00066687320243283
3.1149985790252686,-0.03945465784833155,0.000489760025996062
3.1170074939727783,-0.03905212791413133,-0.0027465807039750703
3.125077724456787,-0.03794114529453648,0.0009244923621562568
3.1270883083343506,-0.040485134472417444,-0.001104258537227525
3.1351523399353027,-0.03968007460993629,-0.0008466393765263778
3.1361606121063232,-0.03969617580740401,-0.0007017285961104364
3.145293951034546,-0.039261443481013736,-2.547830194134155e-05
3.1473047733306885,-0.039390253059184796,-0.0014423836875763446
3.1553733348846436,-0.039100431507889846,0.0020354749960678877
3.157474994659424,-0.038247068044181654,0.001536337873719333
3.1654932498931885,-0.04022751531673953,-0.00015428787934797955
3.1674938201904297,-0.03939025305909709,-0.001377978897230751
3.175496816635132,-0.040114806936608384,0.0006185696081430507
3.1764962673187256,-0.039921592569521096,-0.0012491693167966129
3.1857264041900635,-0.03980888418743858,-0.001055954945660388
3.1867239475250244,-0.040066503344363756,-0.0013940800947990447
3.195199489593506,-0.03963177101810522,0.0006668731975968741
3.197197914123535,-0.03910043150409033,-0.0007983357842252572
3.2052001953125,-0.039841086582501,0.00045755763322374735
3.2062017917633057,-0.03982498538509468,0.0011660103283789274
3.2143754959106445,-0.04042072968414127,0.0003448492469698812
3.2167930603027344,-0.03942245545162522,-0.0010076513519292304
3.224823236465454,-0.0396961758077279,0.0013592247001621613
3.226834297180176,-0.03951906263632966,0.00169734984939215
3.234834671020508,-0.039744479399416645,-0.0010720561421968262
3.2372076511383057,-0.039776681793892286,-0.0002508950690321466
3.245331048965454,-0.040082604541844674,-0.0008305381822483231
3.2473320960998535,-0.040404628485573885,-0.0010559549438022473
3.2553329467773438,-0.03977668179393053,0.001391427094669564
3.2573342323303223,-0.04093596799237777,0.0017617546391683991
3.2655766010284424,-0.038102157272353485,0.0007956827821634143
3.266575336456299,-0.03932584827018213,-0.0018127112440396048
3.2749390602111816,-0.03984108658048634,-0.0007661333875651092
3.2773523330688477,-0.039148735099937604,-0.0009915501543464502
3.2854182720184326,-0.039245342281732064,0.0004414564321017108
3.287428855895996,-0.03974447939922991,-0.0012330681186505598
3.295496702194214,-0.03972837820199813,7.112888609792976e-05
3.2975118160247803,-0.04032412250017115,-0.002746580705583585
3.305569648742676,-0.04029192010650657,0.0031625588286596034
3.3065788745880127,-0.03985718777985739,0.0008922899682283087
3.315647840499878,-0.039663973412735996,-0.0002508950642544211
3.316654682159424,-0.03971227700491342,-0.0022152411739217357
3.3257033824920654,-0.03945465784781189,0.0017456534406114503
3.3267083168029785,-0.03980888418837267,-0.0020059256047609943
3.3357908725738525,-0.03955126503183229,-0.0018771160258246621
3.3367998600006104,-0.03955126503006369,-0.0008627405721397887
3.3458969593048096,-0.0398410865825468,-0.0010720561468572382
3.3469040393829346,-0.03927754467823215,-0.0009754489557388471
3.355976104736328,-0.03913263390271006,0.0017617546387833614
3.356985330581665,-0.04006650334223015,-0.0005246154314937709
3.3660826683044434,-0.03964787221566584,0.0011982127171593455
3.3670849800109863,-0.03988939017422315,-0.001377978896878008
3.3756473064422607,-0.04011480693559365,-0.00041190704447675993
3.3766536712646484,-0.04025971771195694,-0.0009110441683904526
3.385709524154663,-0.04053343806388625,-0.0007017285994427245
3.3867104053497314,-0.03972837820198949,-0.001973723213772484
3.395711660385132,-0.040952069191767596,-0.0006373238070268433
3.396712064743042,-0.0390360267178678,-0.0016839016592176306
3.4051103591918945,-0.039615669820898626,0.0013270223039690834
3.4061100482940674,-0.03947075904502728,0.0008922899694978403
3.414533853530884,-0.04072665243185554,0.0002643432603800801
3.416964530944824,-0.03945465784841935,-0.0015711932685003108
3.4250543117523193,-0.039132633902130586,0.0020193738008109927
3.4270668029785156,-0.039712277004518584,-0.001023752554720401
3.435108184814453,-0.03982498538565492,-0.0009754489574624244
3.436110496520996,-0.03947075904531312,-0.0009271453637655578
3.445110559463501,-0.04069445003767417,0.0001516348734571195
3.4464669227600098,-0.040018199752670944,-0.001700002849271863
3.455470323562622,-0.03771572853099665,0.0018744630221211006
3.456470012664795,-0.040903765600993014,0.0010694031408331182
3.4655544757843018,-0.03961566982015276,-0.0007178297962563971
3.4665560722351074,-0.03950296143967933,-0.0012813717123490087
3.4755585193634033,-0.03839197882511758,-0.0004119070391590821
3.476759195327759,-0.03953516383469114,-0.0008305381781760132
3.484715461730957,-0.03929364587495864,-0.0007822345851556592
3.486736536026001,-0.03959956862316527,-0.0004441094365464429
3.4958040714263916,-0.04019531292230548,0.0010855043305138814
3.496807098388672,-0.03985718778036092,-0.00087884177189571
3.5048089027404785,-0.04054953926185474,0.00015163487777875733
3.506866455078125,-0.03977668179400747,0.0010372007475768475
3.5158681869506836,-0.03979278299114915,-0.000637323807703541
3.5168702602386475,-0.03969617580752465,-0.00252116393093662
3.5251882076263428,-0.039969896159854974,-0.0003475022550067362
3.527186632156372,-0.0397605805958606,-0.0011525621305198289
3.536259889602661,-0.03969617580729311,-0.0012169669281212516
3.5410096645355225,-0.040114806935977104,0.0004897600252852625
3.5514109134674072,-0.04082325961610973,-0.0009754489555735872
3.5565502643585205,-0.040324122500405485,-0.00023479387054385837
3.56562876701355,-0.0399376937665724,-0.0008466393797298685
3.566638708114624,-0.038907217129854,-0.0011525621299974616
3.575692653656006,-0.040114806935875665,-9.377100728874804e-06
3.5767009258270264,-0.040195312922129814,-0.0014423836880411666
3.5857534408569336,-0.03996989616073841,-0.001233068118308854
3.5867626667022705,-0.04021141412013303,-0.0019093184197217102
3.595823287963867,-0.039309747069871705,-8.98830896317399e-05
3.5968334674835205,-0.04037242609286044,-0.0007178297976658411
3.6049041748046875,-0.039953794963766026,0.0013914270939749081
3.606905221939087,-0.039277544677876676,0.0016168438603526634
3.6149067878723145,-0.039406354253664996,0.0008278851715453386
3.617250680923462,-0.03961566982043542,-0.0013618777010473869
3.6253015995025635,-0.04079105722102433,0.00040925403926399034
3.627317190170288,-0.038842812349880594,0.001407528292766269
3.6353960037231445,-0.039631771018268425,-0.0015711932686693643
3.6374101638793945,-0.04013090813361614,0.001214313921308636
3.6455318927764893,-0.04056564045905907,0.0004092540363450612
3.6475422382354736,-0.0402114141188953,-0.001667800456685577
3.6555445194244385,-0.038714002768358,0.00040925404017868255
3.6575448513031006,-0.0397444793992542,0.0008600875735141567
3.665686845779419,-0.040066503344532864,-0.001072056142722614
3.6676859855651855,-0.03984108658191266,-0.000685627401790331
3.675690174102783,-0.03990549136941805,-0.0009432465631152605
3.6766886711120605,-0.039036026712165176,-0.0011847645255393053
3.685807228088379,-0.039502961440132225,7.112888201218451e-05
3.6868093013763428,-0.03964787221501976,-0.0018610148262847236
3.6958119869232178,-0.03992159256888243,0.0001355336780870232
3.6968111991882324,-0.039824985385584113,-0.0005407166209608356
3.704813003540039,-0.03987328897766214,-0.0001703890814094
3.707015037536621,-0.04016311052838161,0.00135922469973946
3.7150826454162598,-0.039567366229306476,-0.00018649027527058057
3.7160894870758057,-0.03990549137171896,-0.0011042585376863081
3.725156545639038,-0.03956736622930637,0.0015524390693792123
3.7261645793914795,-0.03901992552012458,0.0004575576331923794
3.734837055206299,-0.040597842854112734,-0.0017161040467334496
3.737381935119629,-0.03953516383426395,0.0012143139213537273
3.7459287643432617,-0.03908433030839936,-0.00036360344763086146
3.746936559677124,-0.039631771017113473,-0.0024084555457761386
3.7554235458374023,-0.03972837819680938,0.0013592246984312376
3.756434917449951,-0.03934194946729875,0.0012304151192477672
3.765655994415283,-0.0401953129211456,0.0010210995461270474
3.7666642665863037,-0.03942245545315556,-0.0009915501535141438
3.774719715118408,-0.03900382432464596,0.0011016055375901895
3.777108669281006,-0.03972837820216772,-0.0015067884821086562
3.7851080894470215,-0.039937693765909756,-0.0009593477587675734
3.787109851837158,-0.03926144348096987,-0.0016033956653589572
3.795483350753784,-0.04038852728964352,0.0008600875661453041
3.7974836826324463,-0.040630045247810595,-0.0007983357877212746
3.804884195327759,-0.04022751531715515,0.0006668732018250184
3.806882381439209,-0.03993769376537426,0.000811783981189212
3.814885377883911,-0.03919703868801527,0.00019993846939097827
3.817051649093628,-0.03969617580576215,0.000521962418437293
3.825241804122925,-0.03951906263712274,-2.5478296625941043e-05
3.82725191116333,-0.040179211722530805,0.0014397306829614083
3.8353285789489746,-0.039502961440078095,0.0001355336771443649
3.836336612701416,-0.04011480693606697,-0.0010720561427786735
3.845823287963867,-0.04021141411948151,-0.0001542878778044556
3.846832275390625,-0.03848858600573229,-0.001973723209033214
3.8553051948547363,-0.040018199752882073,0.0010372007472432227
3.856313943862915,-0.03943855665060651,0.0013109211068737267
3.8649115562438965,-0.04035632489510592,0.0003609504454957412
3.866938352584839,-0.0394224554528986,-0.0008466393761663935
3.8759403228759766,-0.040356324894824894,0.0002643432621638405
3.876938819885254,-0.03855299079764318,0.0006507720045567487
3.885394811630249,-0.039325848267097153,-0.0006695262044321031
3.887394666671753,-0.039647872215053455,-0.00023479386623218886
3.8953969478607178,-0.03961566981965267,0.00015163487647427612
3.8974387645721436,-0.03976058059659661,-0.0019737232141239917
3.90544056892395,-0.03774793092301903,0.0004897600268296956
3.906442642211914,-0.03966397341219577,0.0015846414633704088
3.9145452976226807,-0.04025971771179339,0.00019993846584826546
3.9165456295013428,-0.040308021302507865,-0.0013457765044223883
3.925546169281006,-0.03958346742660457,0.0011177067342540124
3.926548480987549,-0.03971227700081177,-0.0002347938646125839
3.9350199699401855,-0.04054953926110738,-0.001973723212773345
3.9370288848876953,-0.04019531292269581,-0.0011525621330495048
3.9461283683776855,-0.03988939017357156,-0.0012652705169422691
3.947129964828491,-0.039841086582750554,-0.0017161040502325156
3.955333948135376,-0.039341949467012284,0.0009566947585410431
3.9573423862457275,-0.03969617580604135,0.0011982127200811175
3.965414524078369,-0.040163110528409415,-0.0007822345866680356
3.966421604156494,-0.03995379496344423,-0.0013296753034132529
3.975482225418091,-0.03918093749460513,0.0010533019454783772
3.976492404937744,-0.04017921172562783,-0.001055954943734875
3.9856600761413574,-0.03993769376631808,-0.0010398537462273894
3.986663341522217,-0.04000209855534864,-0.0009915501561550172
3.995805501937866,-0.04013090813350055,0.0003287480442201304
3.9968068599700928,-0.039341949467013144,-0.0008305381785693813
4.004807233810425,-0.03969617580739834,0.0010049983505334658
4.007132530212402,-0.03992159256902404,0.000731277992166621
4.015135765075684,-0.039567366226126104,-0.0005246154229566538
4.016136884689331,-0.040098705739383976,-0.0008144369807564309
4.025136947631836,-0.03966397341260186,0.0007151767950919818
4.026137828826904,-0.03987328897571861,0.0013592246991220146
4.035304069519043,-0.03969617580734075,-0.002344050758884982
4.036306858062744,-0.03964787221579768,-0.001555092071451467
4.045622825622559,-0.039535163834370904,-0.0007661333876180247
4.046645402908325,-0.039277544678157514,-0.0016516992563585023
4.055806875228882,-0.04017921172559802,6.724096980316799e-06
4.0568153858184814,-0.04069445003646622,0.0002804444592567915
4.065087080001831,-0.03900382432275608,0.0006829743970533344
4.066095590591431,-0.039406354256266915,-0.0017966100370797144
4.075182914733887,-0.03968007461036653,0.0012626175138014902
4.076191425323486,-0.039583467425747206,0.0009566947599173948
4.08808970451355,-0.03966397341247029,0.001488034278847227
4.091007709503174,-0.03976058059646778,0.0017134510462408
4.105177640914917,-0.03977668179256908,0.0013914270893576753
4.10617995262146,-0.04001819975252848,0.0018905642160317374
4.114182233810425,-0.040308021302150276,0.0012143139202323878
4.116527795791626,-0.039567366228211935,-0.00046021063461632527
4.125530004501343,-0.03845638361573235,0.00134312350114284
4.126530647277832,-0.03908433031080679,0.0014236294887528182
4.138014554977417,-0.04035632489431423,-0.00026699626131461375
4.141005754470825,-0.04017921172557634,-0.0007983357840929961
4.150042533874512,-0.03930974707294155,0.000682974399781449
4.151045322418213,-0.040581741656253605,5.502769265980035e-05
4.160078287124634,-0.038005550090423564,0.0004736588313282917
4.161081075668335,-0.04045293207842142,0.0003448492503782745
4.17120623588562,-0.03900382432409782,-0.0002025914714997178
4.176014423370361,-0.03897162192839008,0.0005219624218133049
4.188502550125122,-0.03934194946747491,-0.00015428788185738992
4.19100546836853,-0.03963177101848843,0.0008600875740762787
4.200029134750366,-0.04008260453992145,0.0014236294899664461
4.201037883758545,-0.04071055123390571,0.0006668732026777235
4.2090744972229,-0.0387140027735941,0.0016973498472506623
4.2110795974731445,-0.03897162192684705,0.0010694031427207712
4.221084356307983,-0.03963177101810763,-0.0016839016559232953
4.226009130477905,-0.03959956862350505,0.0017939570342163339
4.23758339881897,-0.04001819975261656,-0.00029919865625459036
4.241007328033447,-0.03948686024292564,0.000570266016368132
4.249728441238403,-0.03980888418827751,0.002260891764002342
4.251734972000122,-0.040147009330736186,-0.00029919865911970064
4.26077127456665,-0.03995379496364544,0.0017939570336808694
4.26177191734314,-0.03955126503209626,0.0012948199085099335
4.271108865737915,-0.03818266325968228,-0.0005568178215959415
4.276009559631348,-0.04009870573891838,0.0003931528401518629
4.287349224090576,-0.03893941953125105,-0.0013457765023460072
4.2910075187683105,-0.03980888418852145,0.0010210995487869641
4.3000102043151855,-0.03882671115472611,-0.0011686633300469602
4.3010101318359375,-0.039889390172038144,-0.0015550920704506266
4.310010194778442,-0.039486860241339454,0.000521962422383403
4.311011791229248,-0.039438556650851934,-0.0014262824895758751
4.319037437438965,-0.03977668179320699,-0.0013457765016568145
4.321395397186279,-0.03900382432113168,-0.0017161040482977185
4.329396963119507,-0.04030802130306689,-0.0002830974604861221
4.331584453582764,-0.04017921172556228,-0.0006051214100842208
4.339656114578247,-0.039663973411541376,0.0018905642208054691
4.34166407585144,-0.040308021303772076,0.0017939570357523222
4.349816560745239,-0.039309747072652605,0.0010372007440385155
4.351823806762695,-0.039696175807565806,-0.0019898244067934633
4.359924077987671,-0.0392453422836237,-0.00113646093354544
4.361931085586548,-0.040420729682586407,-0.002134735191056756
4.369981288909912,-0.040404628485786624,-0.0011686633289322008
4.372422456741333,-0.040791057219592065,0.000538063621249547
4.381453275680542,-0.0399054913687789,-0.0021991399786347042
4.386014938354492,-0.03937415185988778,-0.0009915501543354972
4.395017623901367,-0.04046903327488647,0.0012465163159022582
4.396017789840698,-0.03961566982089744,-0.0009271453682297032
4.405071258544922,-0.03959956862386732,0.0015685402658930682
4.406070709228516,-0.03934194946708781,7.112888835309784e-05
4.414143085479736,-0.03913263390262785,-0.0008305381794361576
4.416151762008667,-0.03976058059611981,-0.0016033956646527927
4.42418646812439,-0.04064614644539146,0.0011338079335299308
4.426272630691528,-0.040243616512482636,0.0007473791906290681
4.435342311859131,-0.038971621925880454,-0.0021508363830362687
4.437351703643799,-0.0392775446782132,-0.0013296753035184233
4.445436477661133,-0.03961566981991184,0.00016773607220626555
4.446443557739258,-0.039760580595932356,-0.0016194968608366314
4.454628229141235,-0.03924534228381186,-0.00026699626681570487
4.456646203994751,-0.040147009331091964,0.000988897154226944
4.465022325515747,-0.03871400277212923,-0.00042800823984611087
4.467041254043579,-0.038955520723316026,0.0002804444565804226
4.475099563598633,-0.03869790157603978,-0.0011042585489751027
4.477110385894775,-0.03821486565538386,0.0010372007476161368
4.4854042530059814,-0.0400826045387069,-0.0007822345854789555
4.487414121627808,-0.03964787221564375,-0.00023479386639128162
4.4954893589019775,-0.0398410865824669,-0.0008788417747756832
4.49750542640686,-0.03784453811629537,-0.0024406579460971986
4.505563497543335,-0.039583467426107605,0.0005702660167807022
4.506572484970093,-0.03996989616096271,0.00019993847027044626
4.514646768569946,-0.03940635425586218,-0.0014101812922131616
4.516717195510864,-0.039390253059328174,-0.0018610148274357326
4.524749517440796,-0.0383436752337403,0.0015041354782835857
4.526834726333618,-0.03929364587560236,0.0017456534419932686
4.535394906997681,-0.03914873509919932,-0.0010720561417216052
4.5373992919921875,-0.040034300949393885,-0.0006051214115451497
4.545403957366943,-0.0391809374948418,-0.0009271453643242414
4.546404838562012,-0.03906822911068425,-0.002150836386914061
4.554672718048096,-0.03903602671825882,-2.5478298966064276e-05
4.556679964065552,-0.03958346742644,0.0008439863751180104
4.565682411193848,-0.04000209855272975,0.00045755762788163957
4.5666821002960205,-0.038858913547270765,-0.0008466393772510047
4.575684309005737,-0.03910043150736498,0.001198212721029913
4.576684236526489,-0.03900382432461877,0.0006507720046365188
4.585686683654785,-0.03816656206517464,-0.001458484886637567
4.5869598388671875,-0.03903602671507761,0.0004253552369542106
4.595968723297119,-0.03890721713983537,-0.00042800823764232174
4.59796929359436,-0.04011480693597841,0.00123041511010946
4.605972051620483,-0.04009870573693612,0.0010372007465801157
4.606970548629761,-0.038536889601986694,0.0006668732009038518
4.615020513534546,-0.040147009330005284,-0.0005407166228486082
4.617088079452515,-0.039744479399208076,-0.0002991986572753813
4.625091552734375,-0.03995379496125474,0.001471933082282765
4.626089811325073,-0.03856909199472219,0.0013753258973435776
4.63643741607666,-0.03939025305808748,-0.0007983357879205045
4.637440204620361,-0.03998599735765928,-0.0007339309934400389
4.645441770553589,-0.03802165127781254,-0.0002025914724368797
4.647441148757935,-0.04019531292171467,-0.0013457765021430282
4.655832052230835,-0.03874620516760903,0.0015524390694651798
4.656840801239014,-0.03940635425660703,0.0009405935622051125
4.66601300239563,-0.04027581890787786,-0.001088157339825592
4.671007394790649,-0.039374151861550945,-0.0009593477591293139
4.679421424865723,-0.03876230636553307,0.0008439863729545396
4.681861400604248,-0.03990549137190473,0.00039315283897017677
4.690930366516113,-0.04008260454213778,0.001439730687706942
4.691934585571289,-0.03943855665119824,0.002132082182601109
4.700087785720825,-0.03890721714049815,-0.0013618777009728915
4.701093435287476,-0.03987328897560579,-0.002086431593199159
4.7091310024261475,-0.040179211725504246,-0.0003958058432158505
4.711138725280762,-0.04013090813391989,-0.0013940800952847753
4.718970775604248,-0.04021141411942919,-0.002070330398539242
4.72198224067688,-0.03934194946736226,-0.0016033956634839061
4.730092287063599,-0.0395512650310676,-0.0009754489562161303
4.731099605560303,-0.039293645874582436,-0.002601669917664584
4.740239143371582,-0.03979278299087251,0.00013553368044433656
4.741248607635498,-0.03942245545350667,0.0002160396686377102
4.749396800994873,-0.039712277004608575,-0.0008627405734237418
4.7514142990112305,-0.0397927829911492,-0.0005246154257840042
4.76041579246521,-0.039583467426604756,-0.0007661333889081362
4.761418342590332,-0.03937415186100289,-0.001683901651906532
4.770418405532837,-0.03871400276936733,-0.0006534250028515702
4.7714197635650635,-0.03972837820107884,-0.001313574108479006
4.780122518539429,-0.039019925521649526,-0.0011525621305137333
4.78113055229187,-0.039470759045830306,-0.001426282491238402
4.790533065795898,-0.03985718778000511,0.0011338079298228363
4.79153847694397,-0.040533438064762,0.0007634803882799227
4.800002336502075,-0.039953794963658584,-0.00037970464537134477
4.801008939743042,-0.03934194946717202,-0.0014906872804356466
4.809078216552734,-0.03874620516680525,-0.0010237525500606582
4.811084747314453,-0.0394063542565908,-0.001458484888710384
4.819085359573364,-0.04006650334385892,-0.0011525621310215475
4.821584701538086,-0.03990549137178991,-0.0007339309911579687
4.829645872116089,-0.03943855665090677,-0.00033140105098886693
4.831653833389282,-0.04003430095025969,-0.0013296753070368207
4.839857578277588,-0.03869790157518169,0.002099879788680127
4.841866493225098,-0.04059784285159722,0.0004253552372348769
4.8499157428741455,-0.039921592568041606,-0.0006695262009326714
4.851922273635864,-0.03868180037779807,-0.0016194968613884
4.859473943710327,-0.0388267111526409,-0.0011847645261122593
4.8619585037231445,-0.03835977643141926,-0.0013940800950447182
4.870206832885742,-0.0399054913709952,-0.002762681901150098
4.871210336685181,-0.03971227700300449,-0.0031330094460121443
4.880464792251587,-0.038826711152898825,-0.0009593477611737724
4.881469488143921,-0.04022751531708944,-0.0014584848868607358
4.890488624572754,-0.03898772312728206,0.0009083911655358915
4.892491102218628,-0.04011480693649018,0.0006024684111151787
4.900893688201904,-0.039036026717528496,0.0004897600278713799
4.901896238327026,-0.03988939017476843,-0.002955896274104555
4.910896301269531,-0.03929364587542611,-0.0009593477608153611
4.911897659301758,-0.038810609955315406,-0.0018932172211814132
4.921231269836426,-0.039551265031304815,-0.00012208548365096728
4.922232389450073,-0.03979278298929218,-0.0007339309919696281
4.931352376937866,-0.04046903327630964,-0.0005729190186878029
4.936006546020508,-0.03926144348036202,-0.0018610148278313092
4.945008754730225,-0.03956736622928714,0.0009888971505090946
4.946059465408325,-0.040195312922594525,0.00026434326102712233
4.955179691314697,-0.0395673662294796,0.001552439070208308
4.9561848640441895,-0.0388267111533734,0.0017134510472389317
4.965272665023804,-0.04008260454076486,-0.00041190704253681547
4.966280221939087,-0.039036026717980225,-0.0007178297945651644
4.974334001541138,-0.03996989616075787,0.0007634803885418715
4.976342439651489,-0.039937693766401924,0.00126261751441289
4.9858832359313965,-0.039776681793999,-0.0014262824902522152
4.986886262893677,-0.03879450875959286,-0.0012491693190188453
4.996317148208618,-0.040565640459748094,-0.0019576220127281107
5.0010082721710205,-0.03992159256761484,0.0005702660073522821
